<?xml version="1.0" encoding="utf-8" standalone="yes" ?>
<?xml-stylesheet type="text/xsl" href="model_table.xsl"?>
<modeltable>
	<model name="SingleCopter 2M 2S">
		<channel throttle="100" rudder="100" type="motor" />
		<channel throttle="100" rudder="-100" type="motor" />
		<channel aileron="100" type="servo" />
		<channel elevator="100" type="servo" />
	</model>
	<model name="SingleCopter 1M 4S">
		<channel throttle="100" type="motor" />
		<channel aileron="100" rudder="100" type="servo" />
		<channel elevator="100" rudder="100" type="servo" />
		<channel aileron="-100" rudder="100" type="servo" />
		<channel elevator="-100" rudder="100" type="servo" />
	</model>
	<model name="DualCopter">
		<channel throttle="100" aileron="100" type="motor" />
		<channel throttle="100" aileron="-100" type="motor" />
		<channel elevator="100" rudder="100" type="servo" />
		<channel elevator="-100" rudder="100" type="servo" />
	</model>
	<model name="TriCopter">
		<channel throttle="100" aileron="-87" elevator="50" type="motor" />
		<channel throttle="100" aileron="87" elevator="50" type="motor" />
		<channel throttle="100" elevator="-100" type="motor" />
		<channel rudder="100" type="servo" />
	</model>
	<model name="Y6">
		<channel throttle="100" aileron="-87" elevator="50" rudder="100" type="motor" />
		<channel throttle="100" aileron="-87" elevator="50" rudder="-100" type="motor" />
		<channel throttle="100" aileron="87" elevator="50" rudder="100" type="motor" />
		<channel throttle="100" aileron="87" elevator="50" rudder="-100" type="motor" />
		<channel throttle="100" elevator="-100" rudder="100" type="motor" />
		<channel throttle="100" elevator="-100" rudder="-100" type="motor" />
	</model>
	<model name="QuadroCopter +">
		<channel throttle="100" elevator="100" rudder="100" type="motor" />
		<channel throttle="100" aileron="100" rudder="-100" type="motor" />
		<channel throttle="100" elevator="-100" rudder="100" type="motor" />
		<channel throttle="100" aileron="-100" rudder="-100" type="motor" />
	</model>
	<model name="QuadroCopter x">
		<channel throttle="100" aileron="-71" elevator="71" rudder="100" type="motor" />
		<channel throttle="100" aileron="71" elevator="71" rudder="-100" type="motor" />
		<channel throttle="100" aileron="71" elevator="-71" rudder="100" type="motor" />
		<channel throttle="100" aileron="-71" elevator="-71" rudder="-100" type="motor" />
	</model>
	<model name="X8 +">
		<channel throttle="100" elevator="100" rudder="100" type="motor" />
		<channel throttle="100" elevator="100" rudder="-100" type="motor" />
		<channel throttle="100" aileron="100" rudder="100" type="motor" />
		<channel throttle="100" aileron="100" rudder="-100" type="motor" />
		<channel throttle="100" elevator="-100" rudder="100" type="motor" />
		<channel throttle="100" elevator="-100" rudder="-100" type="motor" />
		<channel throttle="100" aileron="-100" rudder="100" type="motor" />
		<channel throttle="100" aileron="-100" rudder="-100" type="motor" />
	</model>
	<model name="X8 x">
		<channel throttle="100" aileron="-71" elevator="71" rudder="100" type="motor" />
		<channel throttle="100" aileron="-71" elevator="71" rudder="-100" type="motor" />
		<channel throttle="100" aileron="71" elevator="71" rudder="100" type="motor" />
		<channel throttle="100" aileron="71" elevator="71" rudder="-100" type="motor" />
		<channel throttle="100" aileron="71" elevator="-71" rudder="100" type="motor" />
		<channel throttle="100" aileron="71" elevator="-71" rudder="-100" type="motor" />
		<channel throttle="100" aileron="-71" elevator="-71" rudder="100" type="motor" />
		<channel throttle="100" aileron="-71" elevator="-71" rudder="-100" type="motor" />
	</model>
	<model name="HexaCopter +">
		<channel throttle="100" elevator="100" rudder="100" type="motor" />
		<channel throttle="100" aileron="87" elevator="50" rudder="-100" type="motor" />
		<channel throttle="100" aileron="87" elevator="-50" rudder="100" type="motor" />
		<channel throttle="100" elevator="-100" rudder="-100" type="motor" />
		<channel throttle="100" aileron="-87" elevator="-50" rudder="100" type="motor" />
		<channel throttle="100" aileron="-87" elevator="50" rudder="-100" type="motor" />
	</model>
	<model name="HexaCopter x">
		<channel throttle="100" aileron="50" elevator="87" rudder="100" type="motor" />
		<channel throttle="100" aileron="100" rudder="-100" type="motor" />
		<channel throttle="100" aileron="50" elevator="-87" rudder="100" type="motor" />
		<channel throttle="100" aileron="-50" elevator="-87" rudder="-100" type="motor" />
		<channel throttle="100" aileron="-100" rudder="100" type="motor" />
		<channel throttle="100" aileron="-50" elevator="87" rudder="-100" type="motor" />
	</model>
	<model name="OctoCopter +">
		<channel throttle="100" elevator="100" rudder="100" type="motor" />
		<channel throttle="100" aileron="71" elevator="71" rudder="-100" type="motor" />
		<channel throttle="100" aileron="100" rudder="100" type="motor" />
		<channel throttle="100" aileron="71" elevator="-71" rudder="-100" type="motor" />
		<channel throttle="100" elevator="-100" rudder="100" type="motor" />
		<channel throttle="100" aileron="-71" elevator="-71" rudder="-100" type="motor" />
		<channel throttle="100" aileron="-100" rudder="100" type="motor" />
		<channel throttle="100" aileron="-71" elevator="71" rudder="-100" type="motor" />
	</model>
	<model name="OctoCopter x">
		<channel throttle="100" aileron="38" elevator="92" rudder="100" type="motor" />
		<channel throttle="100" aileron="92" elevator="38" rudder="-100" type="motor" />
		<channel throttle="100" aileron="92" elevator="-38" rudder="100" type="motor" />
		<channel throttle="100" aileron="38" elevator="-92" rudder="-100" type="motor" />
		<channel throttle="100" aileron="-38" elevator="-92" rudder="100" type="motor" />
		<channel throttle="100" aileron="-92" elevator="-38" rudder="-100" type="motor" />
		<channel throttle="100" aileron="-92" elevator="38" rudder="100" type="motor" />
		<channel throttle="100" aileron="-38" elevator="92" rudder="-100" type="motor" />
	</model>
	<model name="H6">
		<channel throttle="100" aileron="71" elevator="71" rudder="100" type="motor" />
		<channel throttle="100" aileron="71" rudder="-100" type="motor" />
		<channel throttle="100" aileron="71" elevator="-71" rudder="100" type="motor" />
		<channel throttle="100" aileron="-71" elevator="-71" rudder="-100" type="motor" />
		<channel throttle="100" aileron="-71" rudder="100" type="motor" />
		<channel throttle="100" aileron="-71" elevator="71" rudder="-100" type="motor" />
	</model>
	<model name="H8">
		<channel throttle="100" aileron="71" elevator="71" rudder="100" type="motor" />
		<channel throttle="100" aileron="71" elevator="24" rudder="-100" type="motor" />
		<channel throttle="100" aileron="71" elevator="-24" rudder="100" type="motor" />
		<channel throttle="100" aileron="71" elevator="-71" rudder="-100" type="motor" />
		<channel throttle="100" aileron="-71" elevator="-71" rudder="100" type="motor" />
		<channel throttle="100" aileron="-71" elevator="-24" rudder="-100" type="motor" />
		<channel throttle="100" aileron="-71" elevator="24" rudder="100" type="motor" />
		<channel throttle="100" aileron="-71" elevator="71" rudder="-100" type="motor" />
	</model>
	<model name="V6">
		<channel throttle="100" aileron="100" elevator="71" rudder="100" type="motor" />
		<channel throttle="100" aileron="71" rudder="-100" type="motor" />
		<channel throttle="100" aileron="42" elevator="-71" rudder="100" type="motor" />
		<channel throttle="100" aileron="-42" elevator="-71" rudder="-100" type="motor" />
		<channel throttle="100" aileron="-71" rudder="100" type="motor" />
		<channel throttle="100" aileron="-100" elevator="71" rudder="-100" type="motor" />
	</model>
	<model name="V8">
		<channel throttle="100" aileron="100" elevator="71" rudder="100" type="motor" />
		<channel throttle="100" aileron="81" elevator="24" rudder="-100" type="motor" />
		<channel throttle="100" aileron="61" elevator="-24" rudder="100" type="motor" />
		<channel throttle="100" aileron="42" elevator="-71" rudder="-100" type="motor" />
		<channel throttle="100" aileron="-42" elevator="-71" rudder="100" type="motor" />
		<channel throttle="100" aileron="-61" elevator="-24" rudder="-100" type="motor" />
		<channel throttle="100" aileron="-81" elevator="24" rudder="100" type="motor" />
		<channel throttle="100" aileron="-100" elevator="71" rudder="-100" type="motor" />
	</model>
	<model name="Airplane 1S Ail">
		<channel throttle="100" type="motor" />
		<channel aileron="100" type="servo" />
		<channel elevator="100" type="servo" />
		<channel rudder="100" type="servo" />
	</model>
	<model name="Airplane 2S Ail">
		<channel throttle="100" type="motor" />
		<channel aileron="100" type="servo" />
		<channel aileron="100" type="servo" />
		<channel elevator="100" type="servo" />
		<channel rudder="100" type="servo" />
	</model>
	<model name="Flying Wing">
		<channel throttle="100" type="motor" />
		<channel aileron="50" elevator="50" type="servo" />
		<channel aileron="50" elevator="-50" type="servo" />
	</model>
	<model name="Y4">
		<channel throttle="100" aileron="-71" elevator="71" rudder="100" type="motor" />
		<channel throttle="100" aileron="71" elevator="71" rudder="-100" type="motor" />
		<channel throttle="100" elevator="-100" rudder="100" type="motor" />
		<channel throttle="100" elevator="-100" rudder="-100" type="motor" />
	</model>
	<model name="V-Tail">
		<channel throttle="100" aileron="-71" elevator="71" type="motor" />
		<channel throttle="100" aileron="71" elevator="71" type="motor" />
		<channel throttle="120" elevator="-90" rudder="100" type="motor" />
		<channel throttle="120" elevator="-90" rudder="-100" type="motor" />
	</model>
</modeltable>